{"level_1": 4.032128572463989, "level_2": 2.2308526039123535, "level_3": 3.0806195735931396, "level_4": 5.01711368560791}