{"level_1": 4.908972501754761, "level_2": 2.5177690982818604, "level_3": 3.0806195735931396}